{"client number": 3, "experiment": 2, "max round": 3, "clients acc": {"0": [0.8658536672592163, 0.8320000171661377, 0.8550000190734863], "1": [0.7970890402793884, 0.6389999985694885, 0.8489999771118164], "2": [0.7490000128746033, 0.777999997138977, 0.8479999899864197]}, "server acc": [0.7879999876022339, 0.6430000066757202, 0.8420000076293945]}