{"client number": 1, "experiment": 1, "max round": 5, "clients acc": {"0": [0.8450000286102295, 0.8159999847412109, 0.843999981880188, 0.8489999771118164, 0.8980000019073486]}, "server acc": [0.8379999995231628, 0.8320000171661377, 0.8389999866485596, 0.8309999704360962, 0.8510000109672546]}